Date,Open,High,Low,Close,Volume,ExDividend,SplitRatio,AdjOpen,AdjHigh,AdjLow,AdjClose,AdjVolume
6/20/2016,96,96.57,95.03,95.1,34411901,0,1,93.81960844,94.37666236,92.87163948,92.94004961,34411901
6/21/2016,94.94,96.35,94.676,95.91,35546358,0,1,92.7836836,94.1616591,92.52567967,93.73165256,35546358
6/22/2016,96.25,96.89,95.35,95.55,29219122,0,1,94.06393034,94.68939439,93.18437151,93.37982903,29219122
6/23/2016,95.94,96.29,95.25,96.1,32240187,0,1,93.76097118,94.10302184,93.08664275,93.9173372,32240187
6/24/2016,92.91,94.655,92.65,93.4,75311356,0,1,90.79978979,92.50515663,90.54569502,91.27866071,75311356
6/27/2016,93,93.05,91.5,92.04,46622188,0,1,90.88774568,90.93661006,89.42181429,89.94954959,46622188
6/28/2016,92.9,93.66,92.14,93.59,40444914,0,1,90.79001692,91.53275548,90.04727835,91.46434535,40444914
6/29/2016,93.97,94.55,93.63,94.4,36531006,0,1,91.83571464,92.40254144,91.50343686,92.2559483,36531006
6/30/2016,94.44,95.77,94.3,95.6,35836356,0,1,92.2950398,93.59483229,92.15821954,93.4286934,35836356
7/1/2016,95.49,96.465,95.33,95.89,26026540,0,1,93.32119177,94.27404717,93.16482576,93.7121068,26026540
7/5/2016,95.39,95.4,94.46,94.99,27705210,0,1,93.22346301,93.23323589,92.31458555,92.83254798,27705210
7/6/2016,94.6,95.66,94.37,95.53,30949090,0,1,92.45140582,93.48733066,92.22662967,93.36028327,30949090
7/7/2016,95.7,96.5,95.62,95.94,25139558,0,1,93.52642216,94.30825223,93.44823916,93.76097118,25139558
7/8/2016,96.49,96.89,96.05,96.68,28912103,0,1,94.29847936,94.68939439,93.86847282,94.484164,28912103
7/11/2016,96.75,97.65,96.73,96.98,23794945,0,1,94.55257413,95.43213296,94.53302838,94.77735028,23794945
7/12/2016,97.17,97.7,97.12,97.42,24167463,0,1,94.96303492,95.48099734,94.91417054,95.20735681,24167463
7/13/2016,97.41,97.67,96.84,96.87,25892171,0,1,95.19758394,95.45167871,94.64053001,94.66984864,25892171
7/14/2016,97.39,98.99,97.32,98.79,38918997,0,1,95.17803819,96.74169833,95.10962806,96.54624081,38918997
7/15/2016,98.92,99.3,98.5,98.78,30136990,0,1,96.6732882,97.04465748,96.26282741,96.53646793,30136990
7/18/2016,98.7,100.13,98.6,99.83,36493867,0,1,96.45828493,97.85580618,96.36055617,97.5626199,36493867
7/19/2016,99.56,100,99.34,99.87,23779924,0,1,97.29875225,97.72875879,97.08374898,97.6017114,23779924
7/20/2016,100,100.46,99.735,99.96,26275968,0,1,97.72875879,98.17831108,97.46977758,97.68966729,26275968
7/21/2016,99.83,101,99.13,99.43,32702028,0,1,97.5626199,98.70604638,96.87851859,97.17170487,32702028
7/22/2016,99.26,99.3,98.31,98.66,28313669,0,1,97.00556598,97.04465748,96.07714277,96.41919342,28313669
7/25/2016,98.25,98.84,96.92,97.34,40382921,0,1,96.01850551,96.59510519,94.71871302,95.12917381,40382921
7/26/2016,96.82,97.97,96.42,96.67,56239822,0,1,94.62098426,95.74486499,94.23006923,94.47439112,56239822
7/27/2016,104.265,104.35,102.75,102.95,92344820,0,1,101.8968904,101.9799598,100.4162997,100.6117572,92344820
7/28/2016,102.83,104.45,102.82,104.34,39869839,0,1,100.4944827,102.0776886,100.4847098,101.9701869,39869839
7/29/2016,104.19,104.55,103.68,104.21,27733688,0,1,101.8235938,102.1754173,101.3251771,101.8431395,27733688
8/1/2016,104.41,106.15,104.41,106.05,38167871,0,1,102.0385971,103.7390775,102.0385971,103.6413487,38167871
8/2/2016,106.05,106.07,104,104.48,33816556,0,1,103.6413487,103.6608944,101.6379091,102.1070072,33816556
8/3/2016,104.81,105.84,104.77,105.79,30202641,0,1,102.4295121,103.4361183,102.3904206,103.3872539,30202641
8/4/2016,105.58,106,105.28,105.87,27408650,0.57,1,103.7375516,104.1502223,103.4427868,104.0224909,27408650
8/5/2016,106.27,107.65,106.18,107.48,40553402,0,1,104.4155106,105.7714286,104.3270811,105.6043952,40553402
8/8/2016,107.52,108.37,107.16,108.37,28037220,0,1,105.6436971,106.478864,105.2899794,106.478864,28037220
8/9/2016,108.23,108.94,108.01,108.81,26315204,0,1,106.3413071,107.0389171,106.1251463,106.9111857,26315204
8/10/2016,108.71,108.9,107.76,108,24008505,0,1,106.8129308,106.9996151,105.879509,106.1153208,24008505
8/11/2016,108.52,108.93,107.85,107.93,27484506,0,1,106.6262464,107.0290916,105.9679384,106.0465423,27484506
8/12/2016,107.78,108.44,107.78,108.18,18660434,0,1,105.89916,106.5476425,105.89916,106.2921797,18660434
8/15/2016,108.14,109.54,108.08,109.48,25868209,0,1,106.2528777,107.6284467,106.1939247,107.5694937,25868209
8/16/2016,109.63,110.23,109.21,109.38,33794448,0,1,107.7168761,108.3064057,107.3042054,107.4712388,33794448
8/17/2016,109.1,109.37,108.34,109.22,25355976,0,1,107.196125,107.4614133,106.4493875,107.3140309,25355976
8/18/2016,109.23,109.6,109.02,109.08,21984703,0,1,107.3238564,107.6873996,107.117521,107.176474,21984703
8/19/2016,108.77,109.69,108.36,109.36,25368072,0,1,106.8718837,107.7758291,106.4690385,107.4515878,25368072
8/22/2016,108.86,109.1,107.85,108.51,25820230,0,1,106.9603132,107.196125,105.9679384,106.6164209,25820230
8/23/2016,108.59,109.32,108.53,108.85,21257669,0,1,106.6950249,107.4122858,106.6360719,106.9504877,21257669
8/24/2016,108.565,108.75,107.68,108.03,23675081,0,1,106.6704611,106.8522327,105.800905,106.1447973,23675081
8/25/2016,107.39,107.88,106.68,107.57,25086248,0,1,105.5159657,105.9974149,104.8183558,105.6928246,25086248
8/26/2016,107.41,107.95,106.31,106.94,27766291,0,1,105.5356167,106.0661933,104.4548125,105.0738186,27766291
8/29/2016,106.62,107.44,106.29,106.82,24970300,0,1,104.7594028,105.5650932,104.4351615,104.9559127,24970300
8/30/2016,105.8,106.5,105.5,106,24863945,0,1,103.9537124,104.6414969,103.6589476,104.1502223,24863945
8/31/2016,105.66,106.5699,105.64,106.1,29662406,0,1,103.8161555,104.7101771,103.7965045,104.2484772,29662406
9/1/2016,106.14,106.8,105.62,106.73,26701523,0,1,104.2877792,104.9362617,103.7768535,104.8674832,26701523
9/2/2016,107.7,108,106.82,107.73,26802450,0,1,105.820556,106.1153208,104.9559127,105.8500325,26802450
9/6/2016,107.9,108.3,107.51,107.7,26880391,0,1,106.0170659,106.4100856,105.6338717,105.820556,26880391
9/7/2016,107.83,108.76,107.07,108.36,42364328,0,1,105.9482874,106.8620582,105.20155,106.4690385,42364328
9/8/2016,107.25,107.27,105.24,105.52,53002026,0,1,105.3784088,105.3980598,103.4034848,103.6785986,53002026
9/9/2016,104.64,105.72,103.13,103.13,46556984,0,1,102.8139553,103.8751085,101.3303059,101.3303059,46556984
9/12/2016,102.65,105.72,102.53,105.44,45292770,0,1,100.8586822,103.8751085,100.7407763,103.5999947,45292770
9/13/2016,107.51,108.79,107.24,107.95,62176190,0,1,105.6338717,106.8915347,105.3685834,106.0661933,62176190
9/14/2016,108.73,113.03,108.6,111.77,112340318,0,1,106.8325818,111.0575436,106.7048504,109.8195315,112340318
9/15/2016,113.86,115.73,113.49,115.57,90613177,0,1,111.8730595,113.7104266,111.5095163,113.5532187,90613177
9/16/2016,115.12,116.13,114.04,114.92,79886911,0,1,113.1110716,114.1034463,112.0499184,112.9145617,79886911
9/19/2016,115.19,116.18,113.25,113.58,47023046,0,1,113.17985,114.1525738,111.2737044,111.5979457,47023046
9/20/2016,113.05,114.12,112.51,113.57,34514269,0,1,111.0771946,112.1285223,110.546618,111.5881202,34514269
9/21/2016,113.85,113.989,112.441,113.55,36003185,0,1,111.863234,111.9998084,110.4788221,111.5684692,36003185
9/22/2016,114.35,114.94,114,114.62,31073984,0,1,112.3545086,112.9342127,112.0106164,112.6197969,31073984
9/23/2016,114.42,114.79,111.55,112.71,52481151,0,1,112.4232871,112.7868303,109.6033707,110.7431278,52481151
9/26/2016,111.64,113.39,111.55,112.88,29869442,0,1,109.6918001,111.4112613,109.6033707,110.9101612,29869442
9/27/2016,113,113.18,112.34,113.09,24607412,0,1,111.0280671,111.204926,110.3795846,111.1164966,24607412
9/28/2016,113.69,114.64,113.43,113.95,29641085,0,1,111.7060261,112.6394479,111.4505633,111.9614889,29641085
9/29/2016,113.16,113.8,111.8,112.18,35886990,0,1,111.185275,111.8141065,109.849008,110.2223767,35886990
9/30/2016,112.46,113.37,111.8,113.05,36379106,0,1,110.4974905,111.3916104,109.849008,111.0771946,36379106
10/3/2016,112.71,113.05,112.28,112.52,21701760,0,1,110.7431278,111.0771946,110.3206317,110.5564435,21701760
10/4/2016,113.06,114.31,112.63,113,29736835,0,1,111.0870201,112.3152067,110.6645239,111.0280671,29736835
10/5/2016,113.4,113.66,112.69,113.05,21453089,0,1,111.4210868,111.6765496,110.7234769,111.0771946,21453089
10/6/2016,113.7,114.34,113.13,113.89,28779313,0,1,111.7158516,112.3446831,111.1557985,111.902536,28779313
10/7/2016,114.31,114.56,113.51,114.06,24358443,0,1,112.3152067,112.560844,111.5291673,112.0695694,24358443
10/10/2016,115.02,116.75,114.72,116.05,36235956,0,1,113.0128166,114.7126269,112.7180519,114.0248424,36235956
10/11/2016,117.7,118.69,116.2,116.3,64041043,0,1,115.6460487,116.6187725,114.1722248,114.2704797,64041043
10/12/2016,117.35,117.98,116.75,117.34,37586787,0,1,115.3021564,115.9211625,114.7126269,115.2923309,37586787
10/13/2016,116.79,117.44,115.72,116.98,35192406,0,1,114.7519288,115.3905859,113.7006011,114.9386132,35192406
10/14/2016,117.88,118.17,117.13,117.63,35652191,0,1,115.8229075,116.1078468,115.0859956,115.5772702,35652191
10/17/2016,117.33,117.84,116.78,117.55,23624896,0,1,115.2825055,115.7836056,114.7421034,115.4986663,23624896
10/18/2016,118.18,118.21,117.45,117.47,24553478,0,1,116.1176723,116.1471488,115.4004114,115.4200624,24553478
10/19/2016,117.25,117.76,113.8,117.12,20034594,0,1,115.2039015,115.7050016,111.8141065,115.0761701,20034594
10/20/2016,116.86,117.38,116.33,117.06,24125801,0,1,114.8207073,115.3316329,114.2999562,115.0172172,24125801
10/21/2016,116.81,116.91,116.28,116.6,23192665,0,1,114.7715798,114.8698348,114.2508287,114.5652445,23192665
10/24/2016,117.1,117.74,117,117.65,23538673,0,1,115.0565191,115.6853507,114.9582642,115.5969212,23538673
10/25/2016,117.95,118.36,117.31,118.25,48128970,0,1,115.891686,116.2945312,115.2628545,116.1864508,48128970
10/26/2016,114.31,115.7,113.31,115.59,66134219,0,1,112.3152067,113.6809501,111.3326574,113.5728697,66134219
10/27/2016,115.39,115.86,114.1,114.48,34562045,0,1,113.3763599,113.838158,112.1088713,112.48224,34562045
10/28/2016,113.87,115.21,113.45,113.72,37861662,0,1,111.882885,113.199501,111.4702143,111.7355026,37861662
10/31/2016,113.65,114.23,113.2,113.54,26419398,0,1,111.6667242,112.2366027,111.224577,111.5586437,26419398
11/1/2016,113.46,113.77,110.53,111.49,43825812,0,1,111.4800398,111.7846301,108.6011704,109.5444177,43825812
11/2/2016,111.4,112.35,111.23,111.59,28331709,0,1,109.4559883,110.3894101,109.2889549,109.6426727,28331709
11/3/2016,110.98,111.46,109.55,109.83,26932602,0.57,1,109.6092349,110.0833062,108.1968974,108.473439,26932602
11/4/2016,108.53,110.25,108.11,108.84,30836997,0,1,107.1894959,108.8882514,106.7746835,107.495667,30836997
11/7/2016,110.08,110.51,109.46,110.41,32560000,0,1,108.7203512,109.14504,108.1080091,109.0462752,32560000
11/8/2016,110.31,111.72,109.7,111.06,24254179,0,1,108.9475103,110.3400948,108.3450447,109.6882467,24254179
11/9/2016,109.88,111.32,108.05,110.88,59176361,0,1,108.5228215,109.9450354,106.7154246,109.51047,59176361
11/10/2016,111.09,111.09,105.83,107.79,57134541,0,1,109.7178762,109.7178762,104.5228449,106.458636,57134541
11/11/2016,106.92,108.87,106.55,108.43,34143898,0,1,105.5993818,107.5252964,105.2339518,107.0907311,34143898
11/14/2016,107.32,107.809,104.08,105.71,51175504,0,1,105.9944412,106.4774013,102.7944599,104.4043271,51175504
11/15/2016,106.57,107.68,106.1593,107.11,32264510,0,1,105.2537048,106.3499947,104.8480775,105.787035,32264510
11/16/2016,106.7,110.23,106.6,109.99,58840522,0,1,105.3820991,108.8684985,105.2833343,108.6314628,58840522
11/17/2016,109.81,110.35,108.83,109.95,27632003,0,1,108.4536861,108.9870163,107.4857905,108.5919569,27632003
11/18/2016,109.72,110.54,109.66,110.06,28428917,0,1,108.3647977,109.1746695,108.3055388,108.7005982,28428917
11/21/2016,110.12,111.99,110.01,111.73,29264571,0,1,108.7598571,110.6067599,108.6512158,110.3499713,29264571
11/22/2016,111.95,112.42,111.4,111.8,25965534,0,1,110.5672539,111.0314488,110.0240472,110.4191067,25965534
11/23/2016,111.36,111.51,110.33,111.23,27426394,0,1,109.9845413,110.1326886,108.9672633,109.856147,27426394
11/25/2016,111.13,111.87,110.95,111.79,11475922,0,1,109.7573821,110.4882421,109.5796054,110.4092302,11475922
11/28/2016,111.43,112.465,111.39,111.57,27193983,0,1,110.0536767,111.0758929,110.0141708,110.1919475,27193983
11/29/2016,110.78,112.03,110.07,111.46,28528750,0,1,109.4117051,110.6462658,108.7104747,110.0833062,28528750
11/30/2016,111.56,112.2,110.27,110.52,36162258,0,1,110.182071,110.8141661,108.9080044,109.1549165,36162258
12/1/2016,110.365,110.94,109.03,109.49,37086862,0,1,109.001831,109.5697289,107.6833202,108.1376385,37086862
12/2/2016,109.17,110.09,108.85,109.9,26527997,0,1,107.821591,108.7302277,107.5055435,108.5425744,26527997
12/5/2016,110,110.03,108.25,109.11,34324540,0,1,108.6413393,108.6709687,106.9129543,107.7623321,34324540
12/6/2016,109.5,110.36,109.19,109.95,26195462,0,1,108.147515,108.9968928,107.841344,108.5919569,26195462
12/7/2016,109.26,111.19,109.16,111.03,29998719,0,1,107.9104794,109.816641,107.8117145,109.6586173,29998719
12/8/2016,110.86,112.43,110.6,112.12,27068316,0,1,109.490717,111.0413252,109.2339284,110.7351542,27068316
12/9/2016,112.31,114.7,112.31,113.95,34402627,0,1,110.9228074,113.2832874,110.9228074,112.542551,34402627
12/12/2016,113.29,115,112.49,113.3,26374377,0,1,111.890703,113.579582,111.1005841,111.9005795,26374377
12/13/2016,113.84,115.92,113.75,115.19,43733811,0,1,112.4339097,114.4882186,112.3450213,113.7672352,43733811
12/14/2016,115.04,116.2,114.98,115.19,34031834,0,1,113.6190879,114.7647602,113.559829,113.7672352,34031834
12/15/2016,115.38,116.73,115.23,115.82,46524544,0,1,113.9548884,115.288214,113.8067411,114.3894538,46524544
12/16/2016,116.47,116.5,115.645,115.97,44351134,0,1,115.0314253,115.0610548,114.2166153,114.5376011,44351134
12/19/2016,115.8,117.38,115.75,116.64,27779423,0,1,114.3697008,115.9301855,114.3203184,115.1993256,27779423
12/20/2016,116.74,117.5,116.68,116.95,21424965,0,1,115.2980904,116.0487033,115.2388315,115.5054966,21424965
12/21/2016,116.8,117.4,116.78,117.06,23783165,0,1,115.3573494,115.9499385,115.3375964,115.614138,23783165
12/22/2016,116.35,116.51,115.64,116.29,26085854,0,1,114.9129075,115.0709313,114.211677,114.8536486,26085854
12/23/2016,115.59,116.52,115.59,116.52,14249484,0,1,114.1622946,115.0808078,114.1622946,115.0808078,14249484
12/27/2016,116.52,117.8,116.49,117.26,18296855,0,1,115.0808078,116.3449979,115.0511783,115.8116677,18296855
12/28/2016,117.52,118.0166,116.2,116.76,20905892,0,1,116.0684563,116.5589226,114.7647602,115.3178434,20905892
12/29/2016,116.45,117.1095,116.4,116.73,15039519,0,1,115.0116724,115.6630266,114.9622899,115.288214,15039519
12/30/2016,116.65,117.2,115.43,115.82,30586265,0,1,115.2092021,115.7524088,114.0042709,114.3894538,30586265
1/3/2017,115.8,116.33,114.76,116.15,28781865,0,1,114.3697008,114.8931545,113.3425463,114.7153778,28781865
1/4/2017,115.85,116.51,115.75,116.02,21118116,0,1,114.4190832,115.0709313,114.3203184,114.5869835,21118116
1/5/2017,115.92,116.8642,115.81,116.61,22193587,0,1,114.4882186,115.4207564,114.3795773,115.1696961,22193587
1/6/2017,116.78,118.16,116.47,117.91,31751900,0,1,115.3375964,116.7005514,115.0314253,116.4536392,31751900
1/9/2017,117.95,119.43,117.94,118.99,33561948,0,1,116.4931452,117.954865,116.4832687,117.5202997,33561948
1/10/2017,118.77,119.38,118.3,119.11,24462051,0,1,117.303017,117.9054826,116.8388222,117.6388175,24462051
1/11/2017,118.74,119.93,118.6,119.75,27588593,0,1,117.2733875,118.4486893,117.1351167,118.2709125,27588593
1/12/2017,118.895,119.3,118.21,119.25,27086220,0,1,117.426473,117.8264707,116.7499338,117.7770883,27086220
1/13/2017,119.11,119.62,118.81,119.04,26111948,0,1,117.6388175,118.1425182,117.3425229,117.5696821,26111948
1/17/2017,118.34,120.24,118.22,120,34439843,0,1,116.8783281,118.7548603,116.7598103,118.5178247,34439843
1/18/2017,120,120.5,119.71,119.99,23712961,0,1,118.5178247,119.0116489,118.2314066,118.5079482,23712961
1/19/2017,119.4,120.09,119.37,119.78,25597291,0,1,117.9252356,118.606713,117.8956061,118.300542,25597291
1/20/2017,120.45,120.45,119.7346,120,32597892,0,1,118.9622665,118.9622665,118.2557028,118.5178247,32597892
1/23/2017,120,120.81,119.77,120.08,22050218,0,1,118.5178247,119.31782,118.2906655,118.5968366,22050218
1/24/2017,119.55,120.1,119.5,119.97,23211038,0,1,118.0733828,118.6165895,118.0240004,118.4881952,23211038
1/25/2017,120.42,122.1,120.28,121.88,32586673,0,1,118.9326371,120.5918866,118.7943663,120.3746039,32586673
1/26/2017,121.67,122.44,121.6,121.94,26337576,0,1,120.1671977,120.9276871,120.0980623,120.4338628,26337576
1/27/2017,122.14,122.35,121.6,121.95,20562944,0,1,120.6313925,120.8387987,120.0980623,120.4437393,20562944
1/30/2017,120.93,121.63,120.66,121.63,30377503,0,1,119.4363378,120.1276918,119.1696727,120.1276918,30377503
1/31/2017,121.15,121.39,120.62,121.35,49200993,0,1,119.6536205,119.8906561,119.1301668,119.8511502,49200993
2/1/2017,127.03,130.49,127.01,128.75,111985040,0,1,125.4609939,128.8782579,125.4412409,127.1597494,111985040
2/2/2017,127.975,129.39,127.78,128.53,33710411,0,1,126.3943218,127.7918445,126.2017303,126.9424667,33710411
2/3/2017,128.31,129.19,128.16,129.08,24507301,0,1,126.725184,127.5943147,126.5770368,127.4856734,24507301
2/6/2017,129.13,130.5,128.9,130.29,26845924,0,1,127.5350558,128.8881343,127.3078967,128.6807281,26845924
2/7/2017,130.54,132.09,130.45,131.53,38183841,0,1,128.9276403,130.4584955,128.8387519,129.9054123,38183841
2/8/2017,131.35,132.22,131.22,132.04,23004072,0,1,129.7276356,130.5868898,129.5992413,130.4091131,23004072
2/9/2017,131.65,132.445,131.12,132.42,28349859,0.57,1,130.5836163,131.3721767,130.0579094,131.3473792,28349859
2/10/2017,132.46,132.94,132.05,132.12,20065458,0,1,131.3870552,131.8631671,130.9803763,131.0498092,20065458
2/13/2017,133.08,133.82,132.75,133.29,23035421,0,1,132.0020331,132.736039,131.6747062,132.2103321,23035421
2/14/2017,133.47,135.09,133.25,135.02,33226223,0,1,132.388874,133.9957518,132.1706561,133.9263188,33226223
2/15/2017,135.52,136.27,134.62,135.51,35623100,0,1,134.4222688,135.1661937,133.5295589,134.4123498,35623100
2/16/2017,135.67,135.9,134.8398,135.345,22584555,0,1,134.5710537,134.7991907,133.7475785,134.2486863,22584555
2/17/2017,135.1,135.83,135.1,135.72,22198197,0,1,134.0056708,134.7297577,134.0056708,134.6206487,22198197
2/21/2017,136.23,136.75,135.98,136.7,24507156,0,1,135.1265177,135.6423056,134.8785427,135.5927106,24507156
2/22/2017,136.43,137.12,136.11,137.11,20836932,0,1,135.3248976,136.0093085,135.0074897,135.9993895,20836932
2/23/2017,137.38,137.48,136.3,136.53,20788186,0,1,136.2672025,136.3663925,135.1959506,135.4240876,20788186
2/24/2017,135.91,136.66,135.28,136.66,21776585,0,1,134.8091097,135.5530346,134.1842128,135.5530346,21776585
2/27/2017,137.14,137.435,136.28,136.93,20257426,0,1,136.0291465,136.321757,135.1761126,135.8208476,20257426
2/28/2017,137.08,137.435,136.7,136.99,23482860,0,1,135.9696325,136.321757,135.5927106,135.8803615,23482860
3/1/2017,137.89,140.15,137.595,139.79,36414585,0,1,136.7730714,139.0147651,136.480461,138.6576812,36414585
3/2/2017,140,140.2786,138.76,138.96,26210984,0,1,138.8659801,139.1423234,137.6360243,137.8344043,26210984
3/3/2017,138.78,139.83,138.59,139.78,21571121,0,1,137.6558623,138.6973571,137.4674013,138.6477622,21571121
3/6/2017,139.365,139.77,138.5959,139.34,21750044,0,1,138.2361237,138.6378432,137.4732535,138.2113262,21750044
3/7/2017,139.06,139.98,138.79,139.52,17446297,0,1,137.9335943,138.8461421,137.6657813,138.3898682,17446297
3/8/2017,138.95,139.8,138.82,139,18707236,0,1,137.8244853,138.6676001,137.6955383,137.8740803,18707236
3/9/2017,138.74,138.79,137.05,138.68,22155904,0,1,137.6161863,137.6657813,135.9398755,137.5566723,22155904
3/10/2017,139.25,139.3571,138.64,139.14,19612801,0,1,138.1220552,138.2282877,137.5169963,138.0129462,19612801
3/13/2017,138.85,139.43,138.82,139.2,17421717,0,1,137.7252953,138.3005972,137.6955383,138.0724602,17421717
3/14/2017,139.3,139.65,138.84,138.99,15309065,0,1,138.1716502,138.5188152,137.7153763,137.8641613,15309065
3/15/2017,139.41,140.7501,139.025,140.46,25691774,0,1,138.2807592,139.6100042,137.8988778,139.3222541,25691774
3/16/2017,140.72,141.02,140.26,140.69,19231998,0,1,139.580148,139.877718,139.1238741,139.550391,19231998
3/17/2017,141,141,139.89,139.99,43884952,0,1,139.85788,139.85788,138.7568711,138.8560611,43884952
3/20/2017,140.4,141.5,140.23,141.46,21542038,0,1,139.2627401,140.3538299,139.0941171,140.3141539,21542038
3/21/2017,142.11,142.8,139.73,139.84,39529912,0,1,140.9588888,141.6432997,138.5981672,138.7072761,39529912
3/22/2017,139.845,141.6,139.76,141.42,25860165,0,1,138.7122356,140.4530199,138.6279242,140.2744779,25860165
3/23/2017,141.26,141.5844,140.61,140.92,20346301,0,1,140.1157739,140.4375463,139.471039,139.778528,20346301
3/24/2017,141.5,141.74,140.35,140.64,22395563,0,1,140.3538299,140.5918859,139.2131451,139.500796,22395563
3/27/2017,139.39,141.22,138.62,140.88,23575094,0,1,138.2609212,140.0760979,137.4971583,139.738852,23575094
3/28/2017,140.91,144.04,140.62,143.8,33374805,0,1,139.768609,142.8732555,139.480958,142.6351996,33374805
3/29/2017,143.68,144.49,143.19,144.12,29189955,0,1,142.5161716,143.3196105,142.0301407,142.9526075,29189955
3/30/2017,144.19,144.5,143.5,143.93,21207252,0,1,143.0220405,143.3295295,142.3376296,142.7641466,21207252
3/31/2017,143.72,144.27,143.01,143.66,19661651,0,1,142.5558476,143.1013925,141.8515987,142.4963336,19661651
4/3/2017,143.71,144.12,143.05,143.7,19985714,0,1,142.5459286,142.9526075,141.8912747,142.5360096,19985714
4/4/2017,143.25,144.89,143.17,144.77,19891354,0,1,142.0896547,143.7163704,142.0103027,143.5973424,19891354
4/5/2017,144.22,145.46,143.81,144.02,27717854,0,1,143.0517975,144.2817533,142.6451186,142.8534176,27717854
4/6/2017,144.29,144.52,143.45,143.66,21149034,0,1,143.1212305,143.3493675,142.2880346,142.4963336,21149034
4/7/2017,143.73,144.18,143.27,143.34,16658543,0,1,142.5657666,143.0121215,142.1094927,142.1789256,16658543
4/10/2017,143.6,143.8792,142.9,143.17,18933397,0,1,142.4368196,142.7137581,141.7424897,142.0103027,18933397
4/11/2017,142.94,143.35,140.06,141.63,30379376,0,1,141.7821657,142.1888446,138.9254941,140.4827769,30379376
4/12/2017,141.6,142.15,141.01,141.8,20350000,0,1,140.4530199,140.9985648,139.867799,140.6513999,20350000
4/13/2017,141.91,142.38,141.05,141.05,17822880,0,1,140.7605089,141.2267018,139.907475,139.907475,17822880
4/17/2017,141.48,141.88,140.87,141.83,16582094,0,1,140.3339919,140.7307519,139.728933,140.6811569,16582094
4/18/2017,141.41,142.04,141.11,141.2,14697544,0,1,140.2645589,140.8894558,139.966989,140.05626,14697544
4/19/2017,141.88,142,140.45,140.68,17328375,0,1,140.7307519,140.8497798,139.3123351,139.540472,17328375
4/20/2017,141.22,142.92,141.16,142.44,23319562,0,1,140.0760979,141.7623277,140.016584,141.2862158,23319562
4/21/2017,142.44,142.68,141.85,142.27,17320928,0,1,141.2862158,141.5242717,140.7009949,141.1175928,17320928
4/24/2017,143.5,143.95,143.18,143.64,17116599,0,1,142.3376296,142.7839846,142.0202217,142.4764956,17116599
4/25/2017,143.91,144.9,143.87,144.54,18216472,0,1,142.7443086,143.7262894,142.7046326,143.3692055,18216472
4/26/2017,144.47,144.6,143.3762,143.6508,19614287,0,1,143.2997725,143.4287195,142.2148324,142.4872081,19614287
4/27/2017,143.9225,144.16,143.31,143.79,13948980,0,1,142.7567073,142.9922835,142.1491687,142.6252806,13948980
4/28/2017,144.09,144.3,143.27,143.65,20247187,0,1,142.9228505,143.1311495,142.1094927,142.4864146,20247187
5/1/2017,145.1,147.2,144.96,146.6,32818760,0,1,143.9246694,146.0076591,143.7858034,145.4125192,32818760
5/2/2017,147.54,148.09,146.84,147.51,39752670,0,1,146.3449051,146.89045,145.6505752,146.3151481,39752670
5/3/2017,145.59,147.49,144.27,147.06,45142806,0,1,144.4107003,146.2953101,143.1013925,145.8687931,45142806
5/4/2017,146.52,147.14,145.81,146.53,23275690,0,1,145.3331672,145.9481451,144.6289183,145.3430862,23275690
5/5/2017,146.76,148.98,146.76,148.96,26787359,0,1,145.5712232,147.7732408,145.5712232,147.7534028,26787359
5/8/2017,149.03,153.7,149.03,153,48339210,0,1,147.8228358,152.4550082,147.8228358,151.7606783,48339210
5/9/2017,153.87,154.88,153.45,153.96,35942435,0,1,152.6236312,153.62545,152.2070332,152.7129021,35942435
5/10/2017,153.63,153.94,152.11,153.26,25670456,0,1,152.3855752,152.6930641,150.8778874,152.0185722,25670456
5/11/2017,152.45,154.07,152.31,153.95,25596687,0.63,1,151.8339416,153.4473951,151.6945074,153.3278801,25596687
5/12/2017,154.7,156.42,154.67,156.1,32221756,0,1,154.0748493,155.7878987,154.0449705,155.4691918,32221756
5/15/2017,156.01,156.65,155.05,155.7,25700983,0,1,155.3795555,156.0169692,154.4234349,155.0708082,25700983
5/16/2017,155.94,156.06,154.72,155.47,19904679,0,1,155.3098384,155.4293534,154.0947684,154.8417377,19904679
5/17/2017,153.6,154.57,149.71,150.25,49482818,0,1,152.9792944,153.9453746,149.1050141,149.6428319,49482818
5/18/2017,151.27,153.34,151.13,152.54,33159664,0,1,150.6587101,152.7203451,150.5192758,151.9235779,33159664
5/19/2017,153.38,153.98,152.63,152.96,26733798,0,1,152.7601835,153.3577588,152.0132142,152.3418807,26733798
5/22/2017,154,154.58,152.91,153.99,22340069,0,1,153.377678,153.9553342,152.2920827,153.3677184,22340069
5/23/2017,154.9,154.9,153.31,153.8,19430358,0,1,154.2740411,154.2740411,152.6904663,153.1784862,19430358
5/24/2017,153.84,154.17,152.67,153.34,19118319,0,1,153.2183246,153.546991,152.0530526,152.7203451,19118319
5/25/2017,153.73,154.35,153.03,153.87,19044463,0,1,153.1087691,153.7262636,152.4115978,153.2482033,19044463
5/26/2017,154,154.24,153.31,153.61,21632202,0,1,153.377678,153.6167081,152.6904663,152.989254,21632202
5/30/2017,153.42,154.43,153.33,153.67,20034934,0,1,152.8000218,153.8059403,152.7103855,153.0490115,20034934
5/31/2017,153.97,154.17,152.38,152.76,23162873,0,1,153.3477992,153.546991,151.7642245,152.1426889,23162873
6/1/2017,153.17,153.33,152.22,153.18,16180143,0,1,152.5510321,152.7103855,151.6048711,152.5609917,16180143
6/2/2017,153.58,155.45,152.89,155.45,27285861,0,1,152.9593752,154.8218185,152.2721636,154.8218185,27285861
6/5/2017,154.34,154.45,153.46,153.93,24803858,0,1,153.716304,153.8258595,152.8398602,153.3079609,24803858
6/6/2017,153.9,155.81,153.78,154.45,26249630,0,1,153.2780821,155.1803637,153.158567,153.8258595,26249630
6/7/2017,155.02,155.98,154.48,155.37,20678772,0,1,154.3935561,155.3496767,153.8557383,154.7421418,20678772
6/8/2017,155.25,155.54,154.4,154.99,20771367,0,1,154.6226267,154.9114548,153.7760616,154.3636774,20771367
6/9/2017,155.19,155.19,146.02,148.98,64176149,0,1,154.5628691,154.5628691,145.4299256,148.3779641,64176149
6/12/2017,145.74,146.09,142.51,145.32,71563614,0,1,145.1510571,145.4996427,141.9341097,144.7327543,71563614
6/13/2017,147.16,147.45,145.15,146.59,33749154,0,1,146.5653188,146.8541469,144.5634413,145.9976222,33749154
6/14/2017,147.5,147.5,143.84,145.16,31224203,0,1,146.9039448,146.9039448,143.2587351,144.5734009,31224203
6/15/2017,143.32,144.4798,142.21,144.29,31348832,0,1,142.7408364,143.8959496,141.635322,143.7069166,31348832
6/16/2017,143.78,144.5,142.2,142.27,49180748,0,1,143.1989775,143.916068,141.6253624,141.6950795,49180748
6/19/2017,143.66,146.74,143.66,146.34,31449132,0,1,143.0794625,146.147016,143.0794625,145.7486325,31449132
6/20/2017,146.87,146.87,144.94,145.01,24572170,0,1,146.2764907,146.2764907,144.3542899,144.4240071,24572170
6/21/2017,145.52,146.0693,144.61,145.87,21064679,0,1,144.9319461,145.4790264,144.0256235,145.2805318,21064679
6/22/2017,145.77,146.7,145.1199,145.63,18673365,0,1,145.1809359,146.1071777,144.5334629,145.0415016,18673365
6/23/2017,145.13,147.16,145.11,146.35,25997976,0,1,144.5435221,146.5653188,144.523603,145.758592,25997976
6/26/2017,147.17,148.28,145.38,145.82,25524661,0,1,146.5752784,147.6807928,144.7925119,145.2307338,25524661
6/27/2017,145.01,146.16,143.62,143.74,24423643,0,1,144.4240071,145.5693598,143.0396241,143.1591392,24423643
6/28/2017,144.49,146.11,143.1601,145.83,21915939,0,1,143.9061084,145.5195619,142.5815826,145.2406934,21915939
6/29/2017,144.71,145.13,142.28,143.68,31116980,0,1,144.1252194,144.5435221,141.7050391,143.0993817,31116980
6/30/2017,144.45,144.96,143.78,144.02,22328979,0,1,143.86627,144.3742091,143.1989775,143.4380077,22328979
7/3/2017,144.88,145.3001,143.1,143.5,14276812,0,1,144.2945324,144.7129347,142.5217255,142.920109,14276812
7/5/2017,143.69,144.79,142.7237,144.09,20758795,0,1,143.1093412,144.2048961,142.1469461,143.5077248,20758795
7/6/2017,143.02,143.5,142.41,142.73,23374374,0,1,142.4420487,142.920109,141.8345138,142.1532207,23374374
7/7/2017,142.9,144.75,142.9,144.18,18505351,0,1,142.3225337,144.1650577,142.3225337,143.5973611,18505351
7/10/2017,144.11,145.95,143.37,145.06,21030466,0,1,143.527644,145.3602085,142.7906344,144.473805,21030466
7/11/2017,144.73,145.85,144.38,145.53,18311156,0,1,144.1451386,145.2606126,143.7965529,144.9419057,18311156
7/12/2017,145.87,146.18,144.82,145.74,23617964,0,1,145.2805318,145.589279,144.2347749,145.1510571,23617964
7/13/2017,145.5,148.49,145.44,147.77,24922788,0,1,144.9120269,147.8899442,144.8522694,147.1728538,24922788
7/14/2017,147.97,149.33,147.33,149.04,19961788,0,1,147.3720455,148.7265497,146.7346318,148.4377216,19961788
7/17/2017,148.82,150.9,148.57,149.56,23243713,0,1,148.2186106,150.2902053,147.9696209,148.9556203,23243713
7/18/2017,149.2,150.13,148.67,150.08,17713795,0,1,148.597075,149.5233169,148.0692168,149.4735189,17713795
7/19/2017,150.48,151.42,149.95,151.02,20615419,0,1,149.8719025,150.8081039,149.3440443,150.4097203,20615419
7/20/2017,151.5,151.74,150.19,150.34,17053326,0,1,150.8877806,151.1268108,149.5830744,149.7324682,17053326
7/21/2017,149.99,150.44,148.88,150.27,24671002,0,1,149.3838826,149.8320641,148.2783682,149.6627511,24671002
7/24/2017,150.58,152.44,149.9,152.09,21122730,0,1,149.9714984,151.823982,149.2942463,151.4753964,21122730
7/25/2017,151.8,153.84,151.8,152.74,18612649,0,1,151.1865683,153.2183246,151.1865683,152.1227697,18612649
7/26/2017,153.35,153.93,153.06,153.46,15172136,0,1,152.7303047,153.3079609,152.4414766,152.8398602,15172136
7/27/2017,153.75,153.99,147.3,150.56,32175875,0,1,153.1286883,153.3677184,146.704753,149.9515792,32175875
7/28/2017,149.89,150.23,149.19,149.5,16832947,0,1,149.2842867,149.6229128,148.5871155,148.8958627,16832947
7/31/2017,149.9,150.33,148.13,148.85,19422655,0,1,149.2942463,149.7225087,147.531399,148.2484894,19422655
8/1/2017,149.1,150.22,148.41,150.05,24725526,0,1,148.4974792,149.6129532,147.8102675,149.4436402,24725526
8/2/2017,159.28,159.75,156.16,157.14,69222793,0,1,158.6363412,159.1044419,155.5289493,156.5049891,69222793
8/3/2017,157.05,157.21,155.02,155.57,26000738,0,1,156.4153528,156.5747062,154.3935561,154.9413335,26000738
8/4/2017,156.07,157.4,155.69,156.39,20349532,0,1,155.439313,156.7639384,155.0608486,155.7580199,20349532
8/8/2017,158.6,161.83,158.27,160.08,35775675,0,1,157.9590892,161.1760366,157.6304227,159.4331084,35775675
8/9/2017,159.26,161.27,159.11,161.06,25640394,0,1,158.6164221,160.6182996,158.4670282,160.4091482,25640394
8/10/2017,159.9,160,154.63,155.27,39081017,0.63,1,159.9,160,154.63,155.27,39081017
8/11/2017,156.6,158.5728,156.07,157.48,25943187,0,1,156.6,158.5728,156.07,157.48,25943187
8/14/2017,159.32,160.21,158.75,159.85,21754810,0,1,159.32,160.21,158.75,159.85,21754810
8/15/2017,160.66,162.195,160.14,161.6,27936774,0,1,160.66,162.195,160.14,161.6,27936774
8/16/2017,161.94,162.51,160.15,160.95,27321761,0,1,161.94,162.51,160.15,160.95,27321761
8/17/2017,160.52,160.71,157.84,157.87,26925694,0,1,160.52,160.71,157.84,157.87,26925694
8/18/2017,157.86,159.5,156.72,157.5,27012525,0,1,157.86,159.5,156.72,157.5,27012525
8/21/2017,157.5,157.89,155.1101,157.21,26145653,0,1,157.5,157.89,155.1101,157.21,26145653
8/22/2017,158.23,160,158.02,159.78,21297812,0,1,158.23,160,158.02,159.78,21297812
8/23/2017,159.07,160.47,158.88,159.98,19198189,0,1,159.07,160.47,158.88,159.98,19198189
8/24/2017,160.43,160.74,158.55,159.27,19029621,0,1,160.43,160.74,158.55,159.27,19029621
8/25/2017,159.65,160.56,159.27,159.86,25015218,0,1,159.65,160.56,159.27,159.86,25015218
8/28/2017,160.14,162,159.93,161.47,25279674,0,1,160.14,162,159.93,161.47,25279674
8/29/2017,160.1,163.12,160,162.91,29307862,0,1,160.1,163.12,160,162.91,29307862
8/30/2017,163.8,163.89,162.61,163.35,26973946,0,1,163.8,163.89,162.61,163.35,26973946
8/31/2017,163.64,164.52,163.48,164,26412439,0,1,163.64,164.52,163.48,164,26412439
9/1/2017,164.8,164.94,163.63,164.05,16508568,0,1,164.8,164.94,163.63,164.05,16508568
9/5/2017,163.75,164.25,160.56,162.08,29317054,0,1,163.75,164.25,160.56,162.08,29317054
9/6/2017,162.71,162.99,160.52,161.91,21179047,0,1,162.71,162.99,160.52,161.91,21179047
9/7/2017,162.09,162.24,160.36,161.26,21722995,0,1,162.09,162.24,160.36,161.26,21722995
9/8/2017,160.86,161.15,158.53,158.63,28183159,0,1,160.86,161.15,158.53,158.63,28183159
9/11/2017,160.5,162.05,159.89,161.5,31028926,0,1,160.5,162.05,159.89,161.5,31028926
9/12/2017,162.61,163.96,158.77,160.82,71139119,0,1,162.61,163.96,158.77,160.82,71139119
9/13/2017,159.87,159.96,157.91,159.65,44393752,0,1,159.87,159.96,157.91,159.65,44393752
9/14/2017,158.99,159.4,158.09,158.28,23073646,0,1,158.99,159.4,158.09,158.28,23073646
9/15/2017,158.47,160.97,158,159.88,48203642,0,1,158.47,160.97,158,159.88,48203642
9/18/2017,160.11,160.5,157.995,158.67,27939718,0,1,160.11,160.5,157.995,158.67,27939718
9/19/2017,159.51,159.77,158.44,158.73,20347352,0,1,159.51,159.77,158.44,158.73,20347352
9/20/2017,157.9,158.26,153.83,156.07,51693239,0,1,157.9,158.26,153.83,156.07,51693239
9/21/2017,155.8,155.8,152.75,153.39,36643382,0,1,155.8,155.8,152.75,153.39,36643382
9/22/2017,152.02,152.27,150.56,151.89,46114424,0,1,152.02,152.27,150.56,151.89,46114424
9/25/2017,149.99,151.83,149.16,150.55,43922334,0,1,149.99,151.83,149.16,150.55,43922334
9/26/2017,151.78,153.92,151.69,153.14,35470985,0,1,151.78,153.92,151.69,153.14,35470985
9/27/2017,153.8,154.7189,153.54,154.23,24959552,0,1,153.8,154.7189,153.54,154.23,24959552
9/28/2017,153.89,154.28,152.7,153.28,21896592,0,1,153.89,154.28,152.7,153.28,21896592
9/29/2017,153.21,154.13,152,154.12,25856530,0,1,153.21,154.13,152,154.12,25856530
10/2/2017,154.26,154.45,152.72,153.81,18524860,0,1,154.26,154.45,152.72,153.81,18524860
10/3/2017,154.01,155.09,153.91,154.48,16146388,0,1,154.01,155.09,153.91,154.48,16146388
10/4/2017,153.63,153.86,152.46,153.4508,19844177,0,1,153.63,153.86,152.46,153.4508,19844177
10/5/2017,154.18,155.44,154.05,155.39,21032800,0,1,154.18,155.44,154.05,155.39,21032800
10/6/2017,154.97,155.49,154.56,155.3,16423749,0,1,154.97,155.49,154.56,155.3,16423749
10/9/2017,155.81,156.73,155.485,155.84,16200129,0,1,155.81,156.73,155.485,155.84,16200129
10/10/2017,156.055,158,155.1,155.9,15456331,0,1,156.055,158,155.1,155.9,15456331
10/11/2017,155.97,156.98,155.75,156.55,16607693,0,1,155.97,156.98,155.75,156.55,16607693
10/12/2017,156.35,157.37,155.7299,156,16045720,0,1,156.35,157.37,155.7299,156,16045720
10/13/2017,156.73,157.28,156.41,156.99,16287608,0,1,156.73,157.28,156.41,156.99,16287608
10/16/2017,157.9,160,157.65,159.88,23894630,0,1,157.9,160,157.65,159.88,23894630
10/17/2017,159.78,160.87,159.23,160.47,18816438,0,1,159.78,160.87,159.23,160.47,18816438
10/18/2017,160.42,160.71,159.6,159.76,16158659,0,1,160.42,160.71,159.6,159.76,16158659
10/19/2017,156.75,157.08,155.02,155.98,42111326,0,1,156.75,157.08,155.02,155.98,42111326
10/20/2017,156.61,157.75,155.96,156.16,23612246,0,1,156.61,157.75,155.96,156.16,23612246
10/23/2017,156.89,157.69,155.5,156.17,21654461,0,1,156.89,157.69,155.5,156.17,21654461
10/24/2017,156.29,157.42,156.2,157.1,17137731,0,1,156.29,157.42,156.2,157.1,17137731
10/25/2017,156.91,157.55,155.27,156.405,20126554,0,1,156.91,157.55,155.27,156.405,20126554
10/26/2017,157.23,157.8295,156.78,157.41,16751691,0,1,157.23,157.8295,156.78,157.41,16751691
10/27/2017,159.29,163.6,158.7,163.05,43904150,0,1,159.29,163.6,158.7,163.05,43904150
10/30/2017,163.89,168.07,163.72,166.72,43923292,0,1,163.89,168.07,163.72,166.72,43923292
10/31/2017,167.9,169.6499,166.94,169.04,35474672,0,1,167.9,169.6499,166.94,169.04,35474672
11/1/2017,169.87,169.94,165.61,166.89,33100847,0,1,169.87,169.94,165.61,166.89,33100847
11/2/2017,167.64,168.5,165.28,168.11,32710040,0,1,167.64,168.5,165.28,168.11,32710040
11/3/2017,174,174.26,171.12,172.5,58683826,0,1,174,174.26,171.12,172.5,58683826
11/6/2017,172.365,174.99,171.72,174.25,34242566,0,1,172.365,174.99,171.72,174.25,34242566
11/7/2017,173.91,175.25,173.6,174.81,23910914,0,1,173.91,175.25,173.6,174.81,23910914
11/9/2017,175.11,176.095,173.14,175.88,28636531,0,1,175.11,176.095,173.14,175.88,28636531
11/10/2017,175.11,175.38,174.27,174.67,25061183,0,1,175.11,175.38,174.27,174.67,25061183
11/13/2017,173.5,174.5,173.4,173.97,16828025,0,1,173.5,174.5,173.4,173.97,16828025
11/14/2017,173.04,173.48,171.18,171.34,23588451,0,1,173.04,173.48,171.18,171.34,23588451
11/15/2017,169.97,170.3197,168.38,169.08,28702351,0,1,169.97,170.3197,168.38,169.08,28702351
11/16/2017,171.18,171.87,170.3,171.1,23497326,0,1,171.18,171.87,170.3,171.1,23497326
11/17/2017,171.04,171.39,169.64,170.15,21665811,0,1,171.04,171.39,169.64,170.15,21665811
11/20/2017,170.29,170.56,169.56,169.98,15974387,0,1,170.29,170.56,169.56,169.98,15974387
11/21/2017,170.78,173.7,170.78,173.14,24875471,0,1,170.78,173.7,170.78,173.14,24875471
11/22/2017,173.36,175,173.05,174.96,24997274,0,1,173.36,175,173.05,174.96,24997274
11/24/2017,175.1,175.5,174.6459,174.97,14026519,0,1,175.1,175.5,174.6459,174.97,14026519
11/27/2017,175.05,175.08,173.34,174.09,20536313,0,1,175.05,175.08,173.34,174.09,20536313
11/28/2017,174.3,174.87,171.86,173.07,25468442,0,1,174.3,174.87,171.86,173.07,25468442
11/29/2017,172.63,172.92,167.16,169.48,40788324,0,1,172.63,172.92,167.16,169.48,40788324
11/30/2017,170.43,172.14,168.44,171.85,40172368,0,1,170.43,172.14,168.44,171.85,40172368
12/1/2017,169.95,171.67,168.5,171.05,39590080,0,1,169.95,171.67,168.5,171.05,39590080
12/4/2017,172.48,172.62,169.63,169.8,32115052,0,1,172.48,172.62,169.63,169.8,32115052
12/5/2017,169.06,171.52,168.4,169.64,27008428,0,1,169.06,171.52,168.4,169.64,27008428
12/6/2017,167.5,170.2047,166.46,169.01,28224357,0,1,167.5,170.2047,166.46,169.01,28224357
12/7/2017,169.03,170.44,168.91,169.452,24469613,0,1,169.03,170.44,168.91,169.452,24469613
12/8/2017,170.49,171,168.82,169.37,23096872,0,1,170.49,171,168.82,169.37,23096872
12/11/2017,169.2,172.89,168.79,172.67,33092051,0,1,169.2,172.89,168.79,172.67,33092051
12/12/2017,172.15,172.39,171.461,171.7,18945457,0,1,172.15,172.39,171.461,171.7,18945457
12/13/2017,172.5,173.54,172,172.27,23142242,0,1,172.5,173.54,172,172.27,23142242
12/14/2017,172.4,173.13,171.65,172.22,20219307,0,1,172.4,173.13,171.65,172.22,20219307
12/15/2017,173.63,174.17,172.46,173.87,37054632,0,1,173.63,174.17,172.46,173.87,37054632
12/18/2017,174.88,177.2,174.86,176.42,28831533,0,1,174.88,177.2,174.86,176.42,28831533
12/19/2017,175.03,175.39,174.09,174.54,27078872,0,1,175.03,175.39,174.09,174.54,27078872
12/20/2017,174.87,175.42,173.25,174.35,23000392,0,1,174.87,175.42,173.25,174.35,23000392
12/21/2017,174.17,176.02,174.1,175.01,20356826,0,1,174.17,176.02,174.1,175.01,20356826
12/22/2017,174.68,175.424,174.5,175.01,16052615,0,1,174.68,175.424,174.5,175.01,16052615
12/26/2017,170.8,171.47,169.679,170.57,32968167,0,1,170.8,171.47,169.679,170.57,32968167
12/27/2017,170.1,170.78,169.71,170.6,21672062,0,1,170.1,170.78,169.71,170.6,21672062
12/28/2017,171,171.85,170.48,171.08,15997739,0,1,171,171.85,170.48,171.08,15997739
12/29/2017,170.52,170.59,169.22,169.23,25643711,0,1,170.52,170.59,169.22,169.23,25643711
1/2/2018,170.16,172.3,169.26,172.26,25048048,0,1,170.16,172.3,169.26,172.26,25048048
1/3/2018,172.53,174.55,171.96,172.23,28819653,0,1,172.53,174.55,171.96,172.23,28819653
1/4/2018,172.54,173.47,172.08,173.03,22211345,0,1,172.54,173.47,172.08,173.03,22211345
1/5/2018,173.44,175.37,173.05,175,23016177,0,1,173.44,175.37,173.05,175,23016177
1/8/2018,174.35,175.61,173.93,174.35,20134092,0,1,174.35,175.61,173.93,174.35,20134092
1/9/2018,174.55,175.06,173.41,174.33,21262614,0,1,174.55,175.06,173.41,174.33,21262614
1/10/2018,173.16,174.3,173,174.29,23589129,0,1,173.16,174.3,173,174.29,23589129
1/11/2018,174.59,175.4886,174.49,175.28,17523256,0,1,174.59,175.4886,174.49,175.28,17523256
1/12/2018,176.18,177.36,175.65,177.09,25039531,0,1,176.18,177.36,175.65,177.09,25039531
1/16/2018,177.9,179.39,176.14,176.19,29159005,0,1,177.9,179.39,176.14,176.19,29159005
1/17/2018,176.15,179.25,175.07,179.1,32752734,0,1,176.15,179.25,175.07,179.1,32752734
1/18/2018,179.37,180.1,178.25,179.26,30234512,0,1,179.37,180.1,178.25,179.26,30234512
1/19/2018,178.61,179.58,177.41,178.46,30827809,0,1,178.61,179.58,177.41,178.46,30827809
1/22/2018,177.3,177.78,176.6016,177,26023683,0,1,177.3,177.78,176.6016,177,26023683
1/23/2018,177.3,179.44,176.82,177.04,31702531,0,1,177.3,179.44,176.82,177.04,31702531
1/24/2018,177.25,177.3,173.2,174.22,50562257,0,1,177.25,177.3,173.2,174.22,50562257
1/25/2018,174.505,174.95,170.53,171.11,39661804,0,1,174.505,174.95,170.53,171.11,39661804
1/26/2018,172,172,170.06,171.51,37121805,0,1,172,172,170.06,171.51,37121805
1/29/2018,170.16,170.16,167.07,167.96,48434424,0,1,170.16,170.16,167.07,167.96,48434424
1/30/2018,165.525,167.37,164.7,166.97,45137026,0,1,165.525,167.37,164.7,166.97,45137026
1/31/2018,166.87,168.4417,166.5,167.43,30984099,0,1,166.87,168.4417,166.5,167.43,30984099
2/1/2018,167.165,168.62,166.76,167.78,38099665,0,1,167.165,168.62,166.76,167.78,38099665
2/2/2018,166,166.8,160.1,160.37,85436075,0,1,166,166.8,160.1,160.37,85436075
2/5/2018,159.1,163.88,156,157.49,66090446,0,1,159.1,163.88,156,157.49,66090446
2/6/2018,154.83,163.72,154,163.03,66625484,0,1,154.83,163.72,154,163.03,66625484
2/7/2018,163.085,163.4,159.0685,159.54,50852130,0,1,163.085,163.4,159.0685,159.54,50852130
2/8/2018,160.29,161,155.03,155.32,49594129,0,1,160.29,161,155.03,155.32,49594129
2/9/2018,157.07,157.89,150.24,155.97,66723743,0,1,157.07,157.89,150.24,155.97,66723743
2/12/2018,158.5,163.89,157.51,162.71,60560145,0,1,158.5,163.89,157.51,162.71,60560145
2/13/2018,161.95,164.75,161.65,164.34,32104756,0,1,161.95,164.75,161.65,164.34,32104756
2/14/2018,163.045,167.54,162.88,167.37,39669178,0,1,163.045,167.54,162.88,167.37,39669178
2/15/2018,169.79,173.09,169,172.99,50609595,0,1,169.79,173.09,169,172.99,50609595
2/16/2018,172.36,174.82,171.77,172.43,39638793,0,1,172.36,174.82,171.77,172.43,39638793
2/20/2018,172.05,174.26,171.42,171.85,33531012,0,1,172.05,174.26,171.42,171.85,33531012
2/21/2018,172.83,174.12,171.01,171.07,35833514,0,1,172.83,174.12,171.01,171.07,35833514
2/22/2018,171.8,173.95,171.71,172.6,30504116,0,1,171.8,173.95,171.71,172.6,30504116
2/23/2018,173.67,175.65,173.54,175.555,33329232,0,1,173.67,175.65,173.54,175.555,33329232
2/26/2018,176.35,179.39,176.21,178.97,36886432,0,1,176.35,179.39,176.21,178.97,36886432
2/27/2018,179.1,180.48,178.16,178.39,38685165,0,1,179.1,180.48,178.16,178.39,38685165
2/28/2018,179.26,180.615,178.05,178.12,33604574,0,1,179.26,180.615,178.05,178.12,33604574
3/1/2018,178.54,179.775,172.66,175,48801970,0,1,178.54,179.775,172.66,175,48801970
3/2/2018,172.8,176.3,172.45,176.21,38453950,0,1,172.8,176.3,172.45,176.21,38453950
3/5/2018,175.21,177.74,174.52,176.82,28401366,0,1,175.21,177.74,174.52,176.82,28401366
3/6/2018,177.91,178.25,176.13,176.67,23788506,0,1,177.91,178.25,176.13,176.67,23788506
3/7/2018,174.94,175.85,174.27,175.03,31703462,0,1,174.94,175.85,174.27,175.03,31703462
3/8/2018,175.48,177.12,175.07,176.94,23163767,0,1,175.48,177.12,175.07,176.94,23163767
3/9/2018,177.96,180,177.39,179.98,31385134,0,1,177.96,180,177.39,179.98,31385134
3/12/2018,180.29,182.39,180.21,181.72,32055405,0,1,180.29,182.39,180.21,181.72,32055405
3/13/2018,182.59,183.5,179.24,179.97,31168404,0,1,182.59,183.5,179.24,179.97,31168404
3/14/2018,180.32,180.52,177.81,178.44,29075469,0,1,180.32,180.52,177.81,178.44,29075469
3/15/2018,178.5,180.24,178.0701,178.65,22584565,0,1,178.5,180.24,178.0701,178.65,22584565
3/16/2018,178.65,179.12,177.62,178.02,36836456,0,1,178.65,179.12,177.62,178.02,36836456
3/19/2018,177.32,177.47,173.66,175.3,32804695,0,1,177.32,177.47,173.66,175.3,32804695
3/20/2018,175.24,176.8,174.94,175.24,19314039,0,1,175.24,176.8,174.94,175.24,19314039
3/21/2018,175.04,175.09,171.26,171.27,35247358,0,1,175.04,175.09,171.26,171.27,35247358
3/22/2018,170,172.68,168.6,168.845,41051076,0,1,170,172.68,168.6,168.845,41051076
3/23/2018,168.39,169.92,164.94,164.94,40248954,0,1,168.39,169.92,164.94,164.94,40248954
3/26/2018,168.07,173.1,166.44,172.77,36272617,0,1,168.07,173.1,166.44,172.77,36272617
3/27/2018,173.68,175.15,166.92,168.34,38962839,0,1,173.68,175.15,166.92,168.34,38962839
